Notebook_Name,Features,Clusters,Silhouette,Davies_Bouldin,Calinski_Harabasz,Inertia
ServiceTickets001.ipynb,TF-IDF,5,0.0218,7.2142,6.1005,
ServiceTickets002.ipynb,SBERT,5,0.1038,2.2622,45.852,
ServiceTickets004.ipynb,SBERT,5,0.1038,2.2622,45.852,
ServiceTickets002 (Semantic),SBERT / PCA / KMeans,5,0.1037722080945968,2.2622471121658827,45.851958891263386,77.34745025634766
ServiceTickets004 (Advanced),SBERT / PCA / HNSW / HDBSCAN,5,0.1037722080945968,2.2622471121658827,45.851958891263386,77.34745025634766
ServiceTickets001 (Baseline),TF-IDF / KMeans,5,0.0124351476236266,5.937112614630914,332.9563582233155,45226.67402201606
ServiceTickets005 (StackExchange),SBERT / PCA / HNSW / HDBSCAN,5,0.1588407605886459,1.808769156769436,7.183116580139731,14.193866729736328
ServiceTickets003.ipynb,SBERT,5,0.11714515835046768,2.1491477628599336,5008.993593532363,
